arm,label,mode,klass,relative_response,q1,q3,n,matched_mw_reference_raw
ecfp,ECFP4,stereo_flip,A,0.501266,0.272885,0.610252,1000,1.172823
ecfp,ECFP4,ez_flip,A,0.711843,0.640823,0.781525,1000,1.172823
ecfp,ECFP4,isotope_13c,A,0.000000,0.000000,0.000000,1000,1.172823
ecfp,ECFP4,protonate,A,0.811419,0.678427,0.889560,1000,1.172823
ecfp,ECFP4,halogen_swap,A,0.353190,0.219633,0.470640,1000,1.172823
ecfp,ECFP4,h_to_methyl,A,0.516332,0.420715,0.622309,1000,1.172823
ecfp,ECFP4,n_methylation,A,0.681002,0.600342,0.764758,1000,1.172823
ecfp,ECFP4,scaffold_hop,A,0.518451,0.438641,0.606752,1000,1.172823
ecfp,ECFP4,ring_contract,A,0.374729,0.261742,0.644257,1000,1.172823
ecfp,ECFP4,regioisomer,A,0.515870,0.417169,0.617319,1000,1.172823
ecfp,ECFP4,matched_mw,REF,1.000000,0.889980,1.140233,1000,1.172823
ecfp,ECFP4,null_enumerate,B,0.000000,0.000000,0.000000,1000,1.172823
ecfp,ECFP4,null_kekulize,B,0.000000,0.000000,0.000000,1000,1.172823
r3cfp,Morgan r=3,stereo_flip,A,0.554597,0.396644,0.630618,1000,1.173296
r3cfp,Morgan r=3,ez_flip,A,0.653860,0.615348,0.707310,1000,1.173296
r3cfp,Morgan r=3,isotope_13c,A,0.000000,0.000000,0.000000,1000,1.173296
r3cfp,Morgan r=3,protonate,A,0.733227,0.663849,0.801828,1000,1.173296
r3cfp,Morgan r=3,halogen_swap,A,0.428166,0.398649,0.484235,1000,1.173296
r3cfp,Morgan r=3,h_to_methyl,A,0.606379,0.538229,0.664381,1000,1.173296
r3cfp,Morgan r=3,n_methylation,A,0.675795,0.636039,0.732377,1000,1.173296
r3cfp,Morgan r=3,scaffold_hop,A,0.602110,0.535872,0.663212,1000,1.173296
r3cfp,Morgan r=3,ring_contract,A,0.516318,0.348428,0.671453,1000,1.173296
r3cfp,Morgan r=3,regioisomer,A,0.624548,0.549707,0.699189,1000,1.173296
r3cfp,Morgan r=3,matched_mw,REF,1.000000,0.909356,1.075179,1000,1.173296
r3cfp,Morgan r=3,null_enumerate,B,0.000000,0.000000,0.000000,1000,1.173296
r3cfp,Morgan r=3,null_kekulize,B,0.000000,0.000000,0.000000,1000,1.173296
desc,RDKit + Mordred,stereo_flip,A,0.000000,0.000000,0.000000,1000,1.271361
desc,RDKit + Mordred,ez_flip,A,0.000000,0.000000,0.000000,1000,1.271361
desc,RDKit + Mordred,isotope_13c,A,0.003231,0.000988,0.007617,1000,1.271361
desc,RDKit + Mordred,protonate,A,1.198788,1.106936,1.254790,1000,1.271361
desc,RDKit + Mordred,halogen_swap,A,0.810137,0.590275,0.850710,1000,1.271361
desc,RDKit + Mordred,h_to_methyl,A,0.170428,0.134785,0.228950,1000,1.271361
desc,RDKit + Mordred,n_methylation,A,0.271865,0.242223,0.306244,1000,1.271361
desc,RDKit + Mordred,scaffold_hop,A,0.360526,0.147004,0.390202,1000,1.271361
desc,RDKit + Mordred,ring_contract,A,0.132002,0.115062,0.183257,1000,1.271361
desc,RDKit + Mordred,regioisomer,A,0.165671,0.125138,0.215717,1000,1.271361
desc,RDKit + Mordred,matched_mw,REF,1.000000,0.802897,1.202185,1000,1.271361
desc,RDKit + Mordred,null_enumerate,B,0.000000,0.000000,0.000000,1000,1.271361
desc,RDKit + Mordred,null_kekulize,B,0.000000,0.000000,0.000000,1000,1.271361
chemberta,ChemBERTa-2,stereo_flip,A,0.000000,0.000000,0.000000,1000,1.414528
chemberta,ChemBERTa-2,ez_flip,A,0.026483,0.020217,0.033736,1000,1.414528
chemberta,ChemBERTa-2,isotope_13c,A,0.402532,0.323155,0.504059,1000,1.414528
chemberta,ChemBERTa-2,protonate,A,0.000000,0.000000,0.000000,1000,1.414528
chemberta,ChemBERTa-2,halogen_swap,A,0.132807,0.099073,0.167981,1000,1.414528
chemberta,ChemBERTa-2,h_to_methyl,A,0.419327,0.237517,0.561330,1000,1.414528
chemberta,ChemBERTa-2,n_methylation,A,0.257879,0.186802,0.390202,1000,1.414528
chemberta,ChemBERTa-2,scaffold_hop,A,0.173675,0.139883,0.231951,1000,1.414528
chemberta,ChemBERTa-2,ring_contract,A,0.153989,0.115024,0.235032,1000,1.414528
chemberta,ChemBERTa-2,regioisomer,A,0.257664,0.194237,0.352391,1000,1.414528
chemberta,ChemBERTa-2,matched_mw,REF,1.000000,0.878806,1.155968,1000,1.414528
chemberta,ChemBERTa-2,null_enumerate,B,0.771666,0.660709,0.872007,1000,1.414528
chemberta,ChemBERTa-2,null_kekulize,B,1.106426,0.901856,1.286809,1000,1.414528
molformer,MoLFormer,stereo_flip,A,0.054369,0.040899,0.074142,1000,1.398530
molformer,MoLFormer,ez_flip,A,0.060214,0.049827,0.075231,1000,1.398530
molformer,MoLFormer,isotope_13c,A,0.288107,0.267589,0.315868,1000,1.398530
molformer,MoLFormer,protonate,A,0.382471,0.347912,0.422330,1000,1.398530
molformer,MoLFormer,halogen_swap,A,0.281765,0.227161,0.352804,1000,1.398530
molformer,MoLFormer,h_to_methyl,A,0.464100,0.351531,0.580484,1000,1.398530
molformer,MoLFormer,n_methylation,A,0.366594,0.322006,0.426122,1000,1.398530
molformer,MoLFormer,scaffold_hop,A,0.381681,0.346911,0.425321,1000,1.398530
molformer,MoLFormer,ring_contract,A,0.266539,0.161179,0.334111,1000,1.398530
molformer,MoLFormer,regioisomer,A,0.362211,0.325960,0.409800,1000,1.398530
molformer,MoLFormer,matched_mw,REF,1.000000,0.913411,1.089828,1000,1.398530
molformer,MoLFormer,null_enumerate,B,0.785164,0.689316,0.884479,1000,1.398530
molformer,MoLFormer,null_kekulize,B,0.854462,0.739562,0.945689,1000,1.398530
selfies_ted,SELFIES-TED,stereo_flip,A,0.070424,0.054445,0.088461,1000,1.272474
selfies_ted,SELFIES-TED,ez_flip,A,0.205083,0.166333,0.250449,1000,1.272474
selfies_ted,SELFIES-TED,isotope_13c,A,0.688000,0.576701,0.803852,1000,1.272474
selfies_ted,SELFIES-TED,protonate,A,0.399034,0.337502,0.482620,1000,1.272474
selfies_ted,SELFIES-TED,halogen_swap,A,0.120729,0.100973,0.147526,1000,1.272474
selfies_ted,SELFIES-TED,h_to_methyl,A,0.475674,0.290878,0.677297,1000,1.272474
selfies_ted,SELFIES-TED,n_methylation,A,0.314541,0.253046,0.533618,1000,1.272474
selfies_ted,SELFIES-TED,scaffold_hop,A,0.136716,0.104192,0.196893,1000,1.272474
selfies_ted,SELFIES-TED,ring_contract,A,0.220249,0.174835,0.280581,1000,1.272474
selfies_ted,SELFIES-TED,regioisomer,A,0.282717,0.178358,0.401599,1000,1.272474
selfies_ted,SELFIES-TED,matched_mw,REF,1.000000,0.861142,1.144189,1000,1.272474
selfies_ted,SELFIES-TED,null_enumerate,B,0.726457,0.641194,0.853611,1000,1.272474
selfies_ted,SELFIES-TED,null_kekulize,B,0.000000,0.000000,0.265720,1000,1.272474
minimol,MiniMol,stereo_flip,A,0.000000,0.000000,0.000000,1000,1.155501
minimol,MiniMol,ez_flip,A,0.280988,0.239610,0.324724,1000,1.155501
minimol,MiniMol,isotope_13c,A,0.003345,0.001534,0.005291,1000,1.155501
minimol,MiniMol,protonate,A,0.191960,0.153913,0.228607,1000,1.155501
minimol,MiniMol,halogen_swap,A,0.315679,0.271337,0.363836,1000,1.155501
minimol,MiniMol,h_to_methyl,A,0.311185,0.277751,0.350810,1000,1.155501
minimol,MiniMol,n_methylation,A,0.449905,0.404341,0.531289,1000,1.155501
minimol,MiniMol,scaffold_hop,A,0.488590,0.435640,0.545737,1000,1.155501
minimol,MiniMol,ring_contract,A,0.286249,0.230295,0.369479,1000,1.155501
minimol,MiniMol,regioisomer,A,0.331639,0.258253,0.419149,1000,1.155501
minimol,MiniMol,matched_mw,REF,1.000000,0.877632,1.118128,1000,1.155501
minimol,MiniMol,null_enumerate,B,0.000001,0.000001,0.000002,1000,1.155501
minimol,MiniMol,null_kekulize,B,0.000000,0.000000,0.000001,1000,1.155501
chemeleon,CheMeleon,stereo_flip,A,0.013532,0.009100,0.022395,1000,1.103686
chemeleon,CheMeleon,ez_flip,A,0.045614,0.024079,0.077578,1000,1.103686
chemeleon,CheMeleon,isotope_13c,A,0.001165,0.000760,0.001649,1000,1.103686
chemeleon,CheMeleon,protonate,A,0.819573,0.566183,1.055772,1000,1.103686
chemeleon,CheMeleon,halogen_swap,A,0.310394,0.258860,0.383531,1000,1.103686
chemeleon,CheMeleon,h_to_methyl,A,0.231896,0.193432,0.283876,1000,1.103686
chemeleon,CheMeleon,n_methylation,A,0.276059,0.232405,0.321747,1000,1.103686
chemeleon,CheMeleon,scaffold_hop,A,0.227337,0.188870,0.275586,1000,1.103686
chemeleon,CheMeleon,ring_contract,A,0.342029,0.247543,0.465832,1000,1.103686
chemeleon,CheMeleon,regioisomer,A,0.288155,0.232864,0.363190,1000,1.103686
chemeleon,CheMeleon,matched_mw,REF,1.000000,0.844253,1.215288,1000,1.103686
chemeleon,CheMeleon,null_enumerate,B,0.000000,0.000000,0.000000,1000,1.103686
chemeleon,CheMeleon,null_kekulize,B,0.000000,0.000000,0.000000,1000,1.103686
chemprop,"Chemprop, untrained",stereo_flip,A,0.152044,0.125860,0.184284,1000,1.155937
chemprop,"Chemprop, untrained",ez_flip,A,0.116935,0.100276,0.135552,1000,1.155937
chemprop,"Chemprop, untrained",isotope_13c,A,0.001015,0.000812,0.001326,1000,1.155937
chemprop,"Chemprop, untrained",protonate,A,0.251819,0.213213,0.290708,1000,1.155937
chemprop,"Chemprop, untrained",halogen_swap,A,0.097402,0.083170,0.118886,1000,1.155937
chemprop,"Chemprop, untrained",h_to_methyl,A,0.147770,0.128873,0.184113,1000,1.155937
chemprop,"Chemprop, untrained",n_methylation,A,0.183381,0.162485,0.211562,1000,1.155937
chemprop,"Chemprop, untrained",scaffold_hop,A,0.160194,0.138030,0.193129,1000,1.155937
chemprop,"Chemprop, untrained",ring_contract,A,0.105324,0.074224,0.192486,1000,1.155937
chemprop,"Chemprop, untrained",regioisomer,A,0.061246,0.046876,0.077966,1000,1.155937
chemprop,"Chemprop, untrained",matched_mw,REF,1.000000,0.737560,1.327216,1000,1.155937
chemprop,"Chemprop, untrained",null_enumerate,B,0.000001,0.000000,0.000001,1000,1.155937
chemprop,"Chemprop, untrained",null_kekulize,B,0.000000,0.000000,0.000000,1000,1.155937
